[{"node_title":"Berkshire Toyota (OTSO)","nid":"51378","openlayers_proximity_filter_circle_distance":"7.78951780008784","views_php_21":0,"views_php_23":4.6091821302295,"centerType":"A","centerAddressLine1":"Venture House","centerAddressLine2":"Waldeck Road","centerAddressLine3":[],"centerID":{"value":"1239"},"centerFax":"01628 789959","centerPostcode":"SL6 8BZ","centerTel":"01628 788001","centerTown":"Maidenhead","centerCounty":"Berkshire","centerUrl":"http://berkshire.toyota.co.uk","centerOpen1":"8.00 - 18.00","centerOpen2":"8.30 - 12.30","centerOpen3":"Closed","centerMX":"51.52286102","centerMY":"-0.71237063","Value":"POINT (-0.712537 51.523)"},{"node_title":"Hayes Toyota (OTSO)","nid":"51374","openlayers_proximity_filter_circle_distance":"12.9895138784742","views_php_21":0,"views_php_23":7.6861028866711,"centerType":"A","centerAddressLine1":"Units 5&6 Abenglen Ind Estate","centerAddressLine2":"Betam Road","centerAddressLine3":[],"centerID":{"value":"1263"},"centerFax":"020 8573 5639","centerPostcode":"UB3 1SS","centerTel":"020 8573 5724","centerTown":"Hayes","centerCounty":"Middlesex","centerUrl":"http://hayes.toyota.co.uk","centerOpen1":"08.00 -17.30","centerOpen2":"08.30 -13.00","centerOpen3":"Closed","centerMX":"51.506419","centerMY":"-0.435205","Value":"POINT (-0.434914 51.5066)"},{"node_title":"Jemca (Bracknell)","nid":"51159","openlayers_proximity_filter_circle_distance":"13.9035924450859","views_php_21":1,"views_php_22":"24,9,27,22,16","views_php_23":8.2269777781573,"centerType":"S","centerAddressLine1":"Phoenix Business Park","centerAddressLine2":"John Nike Way, Amen Corner","centerAddressLine3":[],"centerID":{"value":"6958"},"centerFax":"01344 789889","centerPostcode":"RG12 8TN","centerTel":"01344 789888","centerTown":"Bracknell","centerCounty":"Berkshire","centerUrl":"http://jemcabracknell.toyota.co.uk","centerOpen1":"08.30-19.00","centerOpen2":"09.00-17.00","centerOpen3":"10.30-16.00","centerMX":"51.41546138","centerMY":"-0.786609629","Value":"POINT (-0.786785 51.4154)"},{"node_title":"Coxon (OTSO)","nid":"51375","openlayers_proximity_filter_circle_distance":"19.7920208022374","views_php_21":0,"views_php_23":11.711254912567,"centerType":"A","centerAddressLine1":"Coxon House","centerAddressLine2":"Newtown Road","centerAddressLine3":[],"centerID":{"value":"1262"},"centerFax":"01491 411499","centerPostcode":"RG9 1HG","centerTel":"01491 411491","centerTown":"Henley-on-Thames","centerCounty":"Oxfordshire","centerUrl":"http://coxon.toyota.co.uk","centerOpen1":"0900 -1800","centerOpen2":"0900 -1800","centerOpen3":"Closed","centerMX":"51.52874161","centerMY":"-0.894582181","Value":"POINT (-0.895528 51.5294)"},{"node_title":"Currie Motors Twickenham","nid":"51333","openlayers_proximity_filter_circle_distance":"20.0974873788188","views_php_21":0,"views_php_22":"24,22,30,8,9,13,16","views_php_23":11.892004366165,"centerType":"SA","centerAddressLine1":"161 Chertsey Road","centerAddressLine2":[],"centerAddressLine3":[],"centerID":{"value":"5289"},"centerFax":"020 8891 3807","centerPostcode":"TW1 1ER","centerTel":"020 8892 0041","centerTown":"Twickenham","centerCounty":"Middlesex","centerUrl":"http://curriemotorstwickenham.toyota.co.uk","centerOpen1":"09:00-19:00","centerOpen2":"09:00-18:00","centerOpen3":"10:00-16:00","centerMX":"51.45421849","centerMY":"-0.336813928","Value":"POINT (-0.33255 51.4552)"},{"node_title":"Inchcape (Sandhurst)","nid":"51357","openlayers_proximity_filter_circle_distance":"20.1645211879822","views_php_21":0,"views_php_22":"24,8,9,13,16","views_php_23":11.931669342001,"centerType":"S","centerAddressLine1":"144 High Street","centerAddressLine2":[],"centerAddressLine3":[],"centerID":{"value":"2691"},"centerFax":"01252 872 166","centerPostcode":"GU47 8HA","centerTel":"01252 877 333","centerTown":"Sandhurst","centerCounty":"Berkshire","centerUrl":"http://inchcapesandhurst.toyota.co.uk","centerOpen1":"0830 - 1830","centerOpen2":"0900 -1700","centerOpen3":"1000 - 1600","centerMX":"51.34815132","centerMY":"-0.812168349","Value":"POINT (-0.810901 51.3478)"},{"node_title":"CSG Toyota (OTSO)","nid":"55709","openlayers_proximity_filter_circle_distance":"20.2713936213299","views_php_21":0,"views_php_23":11.994907468243,"centerType":"A","centerAddressLine1":"59-61 The Broadway","centerAddressLine2":[],"centerAddressLine3":[],"centerID":{"value":"1266"},"centerFax":[],"centerPostcode":"HP7 0HL","centerTel":"01494 729411","centerTown":"Amersham","centerCounty":"Buckinghamshire","centerUrl":"http://csg.toyota.co.uk","centerOpen1":"08.00 - 18.00 ","centerOpen2":"08.00 - 13.00 ","centerOpen3":"Closed","centerMX":"51.66587","centerMY":"-0.613335","Value":"POINT (-0.614707 51.6663)"},{"node_title":"Currie Motors Great West Road","nid":"51267","openlayers_proximity_filter_circle_distance":"21.4948861009496","views_php_21":0,"views_php_22":"24,6,8,9,13,16","views_php_23":12.718867515355,"centerType":"SA","centerAddressLine1":"1020 Great West Road","centerAddressLine2":[],"centerAddressLine3":[],"centerID":{"value":"6806"},"centerFax":"020 8232 6900","centerPostcode":"TW8 9DP","centerTel":"020 8560 1100","centerTown":"Brentford","centerCounty":"Middlesex","centerUrl":"http://curriemotorsgwr.toyota.co.uk","centerOpen1":"09:00-19:30","centerOpen2":"09:00-18:00","centerOpen3":"10:00-16:00","centerMX":"51.49045097","centerMY":"-0.308719121","Value":"POINT (-0.308735 51.4905)"},{"node_title":"Steven Eagell Toyota (Watford)","nid":"51155","openlayers_proximity_filter_circle_distance":"22.6363387302747","views_php_21":0,"views_php_22":"24,27,16","views_php_23":13.394283272352,"centerType":"S","centerAddressLine1":"9 Ascot Road","centerAddressLine2":"Croxley Green","centerAddressLine3":[],"centerID":{"value":"6961"},"centerFax":"01923 693334","centerPostcode":"WD18 8AD","centerTel":"01923 693333","centerTown":"Watford","centerCounty":"Hertfordshire","centerUrl":"http://steveneagellwatford.toyota.co.uk","centerOpen1":"08:30 - 18:30","centerOpen2":"08:30 - 17:00","centerOpen3":"10:00 - 16:00","centerMX":"51.64845","centerMY":"-0.424883","Value":"POINT (-0.424706 51.6479)"},{"node_title":"Jemca (Reading)","nid":"51158","openlayers_proximity_filter_circle_distance":"24.9773866238284","views_php_21":0,"views_php_22":"24,9,27,16","views_php_23":14.779518712324,"centerType":"S","centerAddressLine1":"Rose Kiln Lane","centerAddressLine2":[],"centerAddressLine3":[],"centerID":{"value":"6959"},"centerFax":"0118 931 4295","centerPostcode":"RG2 0LJ","centerTel":"0118 975 1300","centerTown":"Reading","centerCounty":"Berkshire","centerUrl":"http://jemcareading.toyota.co.uk","centerOpen1":"08:30-19:00","centerOpen2":"09:00-17:00","centerOpen3":"11:00-16:00","centerMX":"51.43596812","centerMY":"-0.97161807","Value":"POINT (-0.971209 51.436)"},{"node_title":"Inchcape (Guildford)","nid":"51274","openlayers_proximity_filter_circle_distance":"25.1644657096734","views_php_21":0,"views_php_22":"24,22,8,9,18,13,16","views_php_23":14.890216396256,"centerType":"S","centerAddressLine1":"Moorfield Road","centerAddressLine2":"Slyfield Industrial Estate","centerAddressLine3":[],"centerID":{"value":"6799"},"centerFax":"01483 728 209","centerPostcode":"GU1 1TB","centerTel":"01483 796 300","centerTown":"Guildford","centerCounty":"Surrey","centerUrl":"http://inchcapeguildford.toyota.co.uk","centerOpen1":"0900 -1700","centerOpen2":"0900 -1700","centerOpen3":"1000 - 1600","centerMX":"51.26066677","centerMY":"-0.561167689","Value":"POINT (-0.560835 51.2606)"},{"node_title":"Currie Motors Kingston","nid":"51142","openlayers_proximity_filter_circle_distance":"26.5518962681383","views_php_21":0,"views_php_22":"24,8,9,13,16","views_php_23":15.71118122375,"centerType":"S","centerAddressLine1":"Coombe Lane Fly-over","centerAddressLine2":"Beverley Way","centerAddressLine3":[],"centerID":{"value":"6971"},"centerFax":"020 8949 5610","centerPostcode":"SW20 0AD","centerTel":"020 8949 3333","centerTown":"London","centerCounty":"Greater London","centerUrl":"http://curriemotorskingston.toyota.co.uk","centerOpen1":"08:30-18:00","centerOpen2":"09:00-18:00","centerOpen3":"10:00-16:00","centerMX":"51.41555112","centerMY":"-0.251873002","Value":"POINT (-0.251891 51.4156)"},{"node_title":"Jemca (Edgware Road)","nid":"51224","openlayers_proximity_filter_circle_distance":"28.1691239873369","views_php_21":0,"views_php_22":"24,22,8,9,27,18,13,16","views_php_23":16.668120702566,"centerType":"S","centerAddressLine1":"The Hyde","centerAddressLine2":"Edgware Road","centerAddressLine3":[],"centerID":{"value":"6863"},"centerFax":"020 8203 8922","centerPostcode":"NW9 6BH","centerTel":"020 8203 1888","centerTown":"London","centerCounty":"Greater London","centerUrl":"http://jemcaedgwareroad.toyota.co.uk","centerOpen1":"08:30 - 19:00","centerOpen2":"09:00 - 17:00","centerOpen3":"10:00 - 16:00","centerMX":"51.58073866","centerMY":"-0.242636969","Value":"POINT (-0.242658 51.5808)"},{"node_title":"Twin Spark Hampstead (OTSO)","nid":"51380","openlayers_proximity_filter_circle_distance":"30.5262360527047","views_php_21":0,"views_php_23":18.062861569648,"centerType":"A","centerAddressLine1":"1A Pattison Road","centerAddressLine2":[],"centerAddressLine3":[],"centerID":{"value":"1232"},"centerFax":"020 7794 7372","centerPostcode":"NW2 2HL","centerTel":"020 7431 3359","centerTown":"Hampstead","centerCounty":"London","centerUrl":"http://twinspark.toyota.co.uk","centerOpen1":"0900 -1800","centerOpen2":"0900 -1300","centerOpen3":"Closed","centerMX":"51.56111884","centerMY":"-0.196744588","Value":"POINT (-0.195548 51.5611)"},{"node_title":"Motest Farnham (OTSO)","nid":"51376","openlayers_proximity_filter_circle_distance":"32.0515883513184","views_php_21":0,"views_php_23":18.965436894271,"centerType":"A","centerAddressLine1":"Unit C, Centrum Business Park","centerAddressLine2":"35/42 East Street","centerAddressLine3":[],"centerID":{"value":"1254"},"centerFax":"01252 715150","centerPostcode":"GU9 7SW","centerTel":"01252 266121","centerTown":"Farnham","centerCounty":"Surrey","centerUrl":"http://motest-farnham.toyota.co.uk","centerOpen1":"0900 -1800","centerOpen2":"0900 -12.30","centerOpen3":"Closed","centerMX":"51.21703658","centerMY":"-0.793903127","Value":"POINT (-0.794332 51.2174)"},{"node_title":"Steven Eagell Toyota (St Albans)","nid":"51157","openlayers_proximity_filter_circle_distance":"32.3433384896893","views_php_21":0,"views_php_22":"24,22,27,16","views_php_23":19.138070112242,"centerType":"S","centerAddressLine1":"37-47 Radlett Road","centerAddressLine2":"Frogmore","centerAddressLine3":[],"centerID":{"value":"6960"},"centerFax":"01727 874736","centerPostcode":"AL2 2JX","centerTel":"01727 874747","centerTown":"St Albans","centerCounty":"Hertfordshire","centerUrl":"http://steveneagellstalbans.toyota.co.uk","centerOpen1":"08:30 - 18:30","centerOpen2":"08:30 - 17:00","centerOpen3":"10:00 - 16:00","centerMX":"51.71455858","centerMY":"-0.334547637","Value":"POINT (-0.33351 51.7146)"},{"node_title":"Inchcape (Battersea) (OTSO)","nid":"51382","openlayers_proximity_filter_circle_distance":"32.9475717371634","views_php_21":0,"views_php_23":19.495604578203,"centerType":"A","centerAddressLine1":"Unit 4  Southside Industrial Estate","centerAddressLine2":"15 Havelock Terrace","centerAddressLine3":[],"centerID":{"value":"1218"},"centerFax":"020 7498 0889","centerPostcode":"SW8 4AH","centerTel":"020 7498 3844","centerTown":"Battersea","centerCounty":"London","centerUrl":"http://inchcapebattersea.toyota.co.uk","centerOpen1":"0800 -1800","centerOpen2":"Closed","centerOpen3":"Closed","centerMX":"51.47684195","centerMY":"-0.143333878","Value":"POINT (-0.14336 51.4769)"},{"node_title":"Jemca Streatham Aftersales Centre (OTSO)","nid":"51377","openlayers_proximity_filter_circle_distance":"34.5595473411403","views_php_21":0,"views_php_23":20.449436296533,"centerType":"A","centerAddressLine1":"237 Brixton Hill","centerAddressLine2":[],"centerAddressLine3":[],"centerID":{"value":"1240"},"centerFax":"020 8671 2305","centerPostcode":"SW2 1NR","centerTel":"020 8674 7777","centerTown":"Streatham","centerCounty":"Greater London","centerUrl":"http://jemcastreatham.toyota.co.uk","centerOpen1":"0800 -1800","centerOpen2":"0830 -1300","centerOpen3":"Closed","centerMX":"51.44646745","centerMY":"-0.124196314","Value":"POINT (-0.123827 51.4462)"},{"node_title":"Jemca (Croydon)","nid":"51216","openlayers_proximity_filter_circle_distance":"37.312137674212","views_php_21":0,"views_php_22":"24,6,8,9,27,13,22,16","views_php_23":22.078187972907,"centerType":"SA","centerAddressLine1":"602 Purley Way","centerAddressLine2":[],"centerAddressLine3":[],"centerID":{"value":"6872"},"centerFax":"020 8649 5949","centerPostcode":"CR0 4RF","centerTel":"020 8649 5959","centerTown":"Croydon","centerCounty":"Surrey","centerUrl":"http://jemcacroydon.toyota.co.uk","centerOpen1":"0830 -1900","centerOpen2":"0900 -1700","centerOpen3":"1000 -1600","centerMX":"51.36151231","centerMY":"-0.117901063","Value":"POINT (-0.118238 51.3612)"},{"node_title":"Steven Eagell Toyota (Aylesbury)","nid":"51189","openlayers_proximity_filter_circle_distance":"39.8979282997812","views_php_21":0,"views_php_22":"24,9,27,13,16","views_php_23":23.608241597504,"centerType":"S","centerAddressLine1":"Gatehouse Road","centerAddressLine2":[],"centerAddressLine3":[],"centerID":{"value":"6925"},"centerFax":"01296 673 575","centerPostcode":"HP19 8ED","centerTel":"01296 673 560","centerTown":"Aylesbury","centerCounty":"Buckinghamshire","centerUrl":"http://steveneagellaylesbury.toyota.co.uk","centerOpen1":"0830 - 1900","centerOpen2":"0830 - 1700","centerOpen3":"1030 - 1630","centerMX":"51.82091443","centerMY":"-0.826242732","Value":"POINT (-0.824673 51.8194)"}]