[
  {
    "Repair": "Front Brake Pads",
    "RepairCost": 120
  },
  {
    "Repair": "Rear Brake Pads",
    "RepairCost": 110
  },
  {
    "Repair": "Front pads & discs",
    "RepairCost": 340
  },
  {
    "Repair": "Rear pads & discs",
    "RepairCost": 340
  },
  {
    "Repair": "Battery (Petrol)",
    "RepairCost": 130
  },
  {
    "Repair": "Battery (Diesel)",
    "RepairCost": 135
  },
  {
    "Repair": "Front wiper blades",
    "RepairCost": 28.50
  },
  {
    "Repair": "Exhaust (Rear box)",
    "RepairCost": 300
  },
  {
    "Repair": "Visual Safety Check",
    "RepairCost": 0
  }
]